WAVY_ID,continent,continent_code,aggregator_id,server_id,status,last_sync,data_interval,is_active
EU-Wavy01,Europe,EU,EU-Agr01,EU-S,1,2025-05-28T10:00:00Z,5000,true
EU-Wavy02,Europe,EU,EU-Agr01,EU-S,1,2025-05-28T10:00:00Z,5000,true
EU-Wavy03,Europe,EU,EU-Agr02,EU-S,1,2025-05-28T10:00:00Z,5000,true
EU-Wavy04,Europe,EU,EU-Agr02,EU-S,1,2025-05-28T10:00:00Z,5000,true
NA-Wavy01,North America,NA,NA-Agr01,NA-S,1,2025-05-28T10:00:00Z,5000,true
NA-Wavy02,North America,NA,NA-Agr01,NA-S,1,2025-05-28T10:00:00Z,5000,true
NA-Wavy03,North America,NA,NA-Agr02,NA-S,1,2025-05-28T10:00:00Z,5000,true
NA-Wavy04,North America,NA,NA-Agr02,NA-S,1,2025-05-28T10:00:00Z,5000,true
SA-Wavy01,South America,SA,SA-Agr01,SA-S,1,2025-05-28T10:00:00Z,5000,true
SA-Wavy02,South America,SA,SA-Agr01,SA-S,1,2025-05-28T10:00:00Z,5000,true
SA-Wavy03,South America,SA,SA-Agr02,SA-S,1,2025-05-28T10:00:00Z,5000,true
SA-Wavy04,South America,SA,SA-Agr02,SA-S,1,2025-05-28T10:00:00Z,5000,true
AF-Wavy01,Africa,AF,AF-Agr01,AF-S,1,2025-05-28T10:00:00Z,5000,true
AF-Wavy02,Africa,AF,AF-Agr01,AF-S,1,2025-05-28T10:00:00Z,5000,true
AF-Wavy03,Africa,AF,AF-Agr02,AF-S,1,2025-05-28T10:00:00Z,5000,true
AF-Wavy04,Africa,AF,AF-Agr02,AF-S,1,2025-05-28T10:00:00Z,5000,true
AS-Wavy01,Asia,AS,AS-Agr01,AS-S,1,2025-05-28T10:00:00Z,5000,true
AS-Wavy02,Asia,AS,AS-Agr01,AS-S,1,2025-05-28T10:00:00Z,5000,true
AS-Wavy03,Asia,AS,AS-Agr02,AS-S,1,2025-05-28T10:00:00Z,5000,true
AS-Wavy04,Asia,AS,AS-Agr02,AS-S,1,2025-05-28T10:00:00Z,5000,true
OC-Wavy01,Oceania,OC,OC-Agr01,OC-S,1,2025-05-28T10:00:00Z,5000,true
OC-Wavy02,Oceania,OC,OC-Agr01,OC-S,1,2025-05-28T10:00:00Z,5000,true
OC-Wavy03,Oceania,OC,OC-Agr02,OC-S,1,2025-05-28T10:00:00Z,5000,true
OC-Wavy04,Oceania,OC,OC-Agr02,OC-S,1,2025-05-28T10:00:00Z,5000,true
AQ-Wavy01,Antarctica,AQ,AQ-Agr01,AQ-S,1,2025-05-28T10:00:00Z,10000,true
AQ-Wavy02,Antarctica,AQ,AQ-Agr01,AQ-S,1,2025-05-28T10:00:00Z,10000,true
