id,continent,continent_code,server_id,port,queue_name,is_active
EU-Agr01,Europe,EU,EU-S,11101,rpc_queue_EU,true
EU-Agr02,Europe,EU,EU-S,11102,rpc_queue_EU,true
NA-Agr01,North America,NA,NA-S,12101,rpc_queue_NA,true
NA-Agr02,North America,NA,NA-S,12102,rpc_queue_NA,true
SA-Agr01,South America,SA,SA-S,13101,rpc_queue_SA,true
SA-Agr02,South America,SA,SA-S,13102,rpc_queue_SA,true
AF-Agr01,Africa,AF,AF-S,14101,rpc_queue_AF,true
AF-Agr02,Africa,AF,AF-S,14102,rpc_queue_AF,true
AS-Agr01,Asia,AS,AS-S,15101,rpc_queue_AS,true
AS-Agr02,Asia,AS,AS-S,15102,rpc_queue_AS,true
OC-Agr01,Oceania,OC,OC-S,16101,rpc_queue_OC,true
OC-Agr02,Oceania,OC,OC-S,16102,rpc_queue_OC,true
AQ-Agr01,Antarctica,AQ,AQ-S,17101,rpc_queue_AQ,true
