WAVY_ID,continent,continent_code,aggregator_id,server_id,status,last_sync,data_interval,is_active,latitude,longitude
EU-Wavy01,Europe,EU,EU-Agr01,EU-S,1,2025-05-28T10:00:00Z,5000,true,51.5074,-0.1278
EU-Wavy02,Europe,EU,EU-Agr01,EU-S,1,2025-05-28T10:00:00Z,5000,true,41.9028,12.4964
EU-Wavy03,Europe,EU,EU-Agr02,EU-S,1,2025-05-28T10:00:00Z,5000,true,40.4168,-3.7038
EU-Wavy04,Europe,EU,EU-Agr02,EU-S,1,2025-05-28T10:00:00Z,5000,true,59.9139,10.7522
NA-Wavy01,North America,NA,NA-Agr01,NA-S,1,2025-05-28T10:00:00Z,5000,true,43.6532,-79.3832
NA-Wavy02,North America,NA,NA-Agr01,NA-S,1,2025-05-28T10:00:00Z,5000,true,41.8781,-87.6298
NA-Wavy03,North America,NA,NA-Agr02,NA-S,1,2025-05-28T10:00:00Z,5000,true,37.7749,-122.4194
NA-Wavy04,North America,NA,NA-Agr02,NA-S,1,2025-05-28T10:00:00Z,5000,true,25.7617,-80.1918
SA-Wavy01,South America,SA,SA-Agr01,SA-S,1,2025-05-28T10:00:00Z,5000,true,-34.6037,-58.3816
SA-Wavy02,South America,SA,SA-Agr01,SA-S,1,2025-05-28T10:00:00Z,5000,true,-12.0464,-77.0428
SA-Wavy03,South America,SA,SA-Agr02,SA-S,1,2025-05-28T10:00:00Z,5000,true,4.7110,-74.0721
SA-Wavy04,South America,SA,SA-Agr02,SA-S,1,2025-05-28T10:00:00Z,5000,true,-25.2637,-57.5759
AF-Wavy01,Africa,AF,AF-Agr01,AF-S,1,2025-05-28T10:00:00Z,5000,true,30.0444,31.2357
AF-Wavy02,Africa,AF,AF-Agr01,AF-S,1,2025-05-28T10:00:00Z,5000,true,6.5244,3.3792
AF-Wavy03,Africa,AF,AF-Agr02,AF-S,1,2025-05-28T10:00:00Z,5000,true,-15.3875,28.3228
AF-Wavy04,Africa,AF,AF-Agr02,AF-S,1,2025-05-28T10:00:00Z,5000,true,9.0579,8.6753
AS-Wavy01,Asia,AS,AS-Agr01,AS-S,1,2025-05-28T10:00:00Z,5000,true,39.9042,116.4074
AS-Wavy02,Asia,AS,AS-Agr01,AS-S,1,2025-05-28T10:00:00Z,5000,true,22.3193,114.1694
AS-Wavy03,Asia,AS,AS-Agr02,AS-S,1,2025-05-28T10:00:00Z,5000,true,1.3521,103.8198
AS-Wavy04,Asia,AS,AS-Agr02,AS-S,1,2025-05-28T10:00:00Z,5000,true,35.6895,51.3890
OC-Wavy01,Oceania,OC,OC-Agr01,OC-S,1,2025-05-28T10:00:00Z,5000,true,-36.8485,174.7633
OC-Wavy02,Oceania,OC,OC-Agr01,OC-S,1,2025-05-28T10:00:00Z,5000,true,-27.4698,153.0251
OC-Wavy03,Oceania,OC,OC-Agr02,OC-S,1,2025-05-28T10:00:00Z,5000,true,-31.9505,115.8605
OC-Wavy04,Oceania,OC,OC-Agr02,OC-S,1,2025-05-28T10:00:00Z,5000,true,-42.8821,147.3272
AQ-Wavy01,Antarctica,AQ,AQ-Agr01,AQ-S,1,2025-05-28T10:00:00Z,10000,true,-78.4647,106.8367
AQ-Wavy02,Antarctica,AQ,AQ-Agr01,AQ-S,1,2025-05-28T10:00:00Z,10000,true,-89.9500,-139.2700
